<TEST NAME="TEST8" FILE="BuildPathsPropertyPage.java">

 <VERSION NUMBER="1" CHECKED="TRUE">
	 <LOCATION ORIG="49" NEW="49" />
	 <LOCATION ORIG="51" NEW="51" />
	 <LOCATION ORIG="52" NEW="52" />
	 <LOCATION ORIG="53" NEW="53" />
	 <LOCATION ORIG="54" NEW="54" />

      <LOCATION ORIG="55" NEW="55" />
      <LOCATION ORIG="56" NEW="56" />
      <LOCATION ORIG="57" NEW="57" />
      <LOCATION ORIG="58" NEW="58" />
      <LOCATION ORIG="59" NEW="59" />

      <LOCATION ORIG="61" NEW="61" />
      <LOCATION ORIG="63" NEW="63" />
      <LOCATION ORIG="64" NEW="64" />
     

</VERSION>

 <VERSION NUMBER="2" CHECKED="TRUE">
	<LOCATION ORIG="49" NEW="56" />
	<LOCATION ORIG="51" NEW="-1" />
	<LOCATION ORIG="52" NEW="-1" />
	<LOCATION ORIG="53" NEW="58" />
	<LOCATION ORIG="54" NEW="61" />
	
	 <LOCATION ORIG="55" NEW="62" />
	 <LOCATION ORIG="56" NEW="59" />
	 <LOCATION ORIG="57" NEW="60" />
	 <LOCATION ORIG="58" NEW="63" />
	 <LOCATION ORIG="59" NEW="64" />
	
	 <LOCATION ORIG="61" NEW="-1" />
	 <LOCATION ORIG="63" NEW="-1" />
	 <LOCATION ORIG="64" NEW="-1" />
</VERSION>
</TEST>