<TEST NAME="TEST9" FILE="CompilationUnitDocumentProvider.java">

 <VERSION NUMBER="1" CHECKED="TRUE">
	 <LOCATION ORIG="197" NEW="197" />
	 <LOCATION ORIG="199" NEW="199" />
	 <LOCATION ORIG="200" NEW="200" />
	 <LOCATION ORIG="201" NEW="201" />
	 <LOCATION ORIG="202" NEW="202" />

      <LOCATION ORIG="205" NEW="205" />
      <LOCATION ORIG="206" NEW="206" />
      <LOCATION ORIG="207" NEW="207" />
      <LOCATION ORIG="208" NEW="208" />
      <LOCATION ORIG="209" NEW="209" />

      <LOCATION ORIG="210" NEW="210" />
      <LOCATION ORIG="211" NEW="211" />
      <LOCATION ORIG="213" NEW="213" />
      <LOCATION ORIG="214" NEW="214" />
      <LOCATION ORIG="215" NEW="215" />
     
      <LOCATION ORIG="217" NEW="217" />
      <LOCATION ORIG="218" NEW="218" />


</VERSION>

 <VERSION NUMBER="2" CHECKED="TRUE">
	<LOCATION ORIG="197" NEW="186" />
	<LOCATION ORIG="199" NEW="192" />
	<LOCATION ORIG="200" NEW="193" />
	<LOCATION ORIG="201" NEW="194" />
	<LOCATION ORIG="202" NEW="195" />
	
	 <LOCATION ORIG="205" NEW="198" />
	 <LOCATION ORIG="206" NEW="-1" />
	 <LOCATION ORIG="207" NEW="200" />
	 <LOCATION ORIG="208" NEW="201" />
	 <LOCATION ORIG="209" NEW="202" />
	
	 <LOCATION ORIG="210" NEW="-1" />
	 <LOCATION ORIG="211" NEW="-1" />
	 <LOCATION ORIG="213" NEW="204" />
	 <LOCATION ORIG="214" NEW="205" />
	 <LOCATION ORIG="215" NEW="206" />
	
	 <LOCATION ORIG="217" NEW="211" />
	 <LOCATION ORIG="218" NEW="212" />
</VERSION>
</TEST>