<TEST NAME="TEST11" FILE="DeltaProcessor.java">

 <VERSION NUMBER="1" CHECKED="TRUE">
	 <LOCATION ORIG="2016" NEW="2016" />
	 <LOCATION ORIG="2017" NEW="2017" />
	 <LOCATION ORIG="2018" NEW="2018" />
	 <LOCATION ORIG="2019" NEW="2019" />
	 <LOCATION ORIG="2021" NEW="2021" />
	 <LOCATION ORIG="2022" NEW="2022" />
	 <LOCATION ORIG="2023" NEW="2023" />
	 <LOCATION ORIG="2024" NEW="2024" />
	 <LOCATION ORIG="2025" NEW="2025" />
	 <LOCATION ORIG="2026" NEW="2026" />
	 <LOCATION ORIG="2027" NEW="2027" />
	 <LOCATION ORIG="2028" NEW="2028" />

</VERSION>

 <VERSION NUMBER="2" CHECKED="TRUE">
	 <LOCATION ORIG="2016" NEW="2080" />
	 <LOCATION ORIG="2017" NEW="2081" />
	 <LOCATION ORIG="2018" NEW="2082" />
	 <LOCATION ORIG="2019" NEW="-1" />
	 <LOCATION ORIG="2021" NEW="2084" />
	 <LOCATION ORIG="2022" NEW="-1" />
	 <LOCATION ORIG="2023" NEW="-1" />
	 <LOCATION ORIG="2024" NEW="2085" />
	 <LOCATION ORIG="2025" NEW="2086" />
	 <LOCATION ORIG="2026" NEW="2087" />
	 <LOCATION ORIG="2027" NEW="2088" />
	 <LOCATION ORIG="2028" NEW="-1" />

</VERSION>
</TEST>