<TEST NAME="TEST19" FILE="DialogCustomize.java">

 <VERSION NUMBER="1" CHECKED="TRUE">
 
   <LOCATION ORIG="869" NEW="869" />
   <LOCATION ORIG="870" NEW="870" />
   <LOCATION ORIG="872" NEW="872" />
   <LOCATION ORIG="873" NEW="873" />
   <LOCATION ORIG="874" NEW="874" />
   <LOCATION ORIG="876" NEW="876" />
   <LOCATION ORIG="877" NEW="877" />
   <LOCATION ORIG="878" NEW="878" />
   
   
</VERSION>

 <VERSION NUMBER="2" CHECKED="TRUE">	 
   <LOCATION ORIG="869" NEW="1091" />
   <LOCATION ORIG="870" NEW="1092" />
   <LOCATION ORIG="872" NEW="1094" />
   <LOCATION ORIG="873" NEW="1095" />
   <LOCATION ORIG="874" NEW="1096" />
   <LOCATION ORIG="876" NEW="1098" />
   <LOCATION ORIG="877" NEW="1099" />
   <LOCATION ORIG="878" NEW="1100" />
 
 
   
</VERSION>
</TEST>