<TEST NAME="TEST13" FILE="FontData.java">

 <VERSION NUMBER="1" CHECKED="TRUE">
	 <LOCATION ORIG="95" NEW="95" />
	 <LOCATION ORIG="96" NEW="96" />
	 <LOCATION ORIG="97" NEW="97" />
	 <LOCATION ORIG="98" NEW="98" />
	 <LOCATION ORIG="99" NEW="99" />
	 <LOCATION ORIG="100" NEW="100" />

	 <LOCATION ORIG="101" NEW="101" />
	 <LOCATION ORIG="102" NEW="102" />
	 <LOCATION ORIG="104" NEW="103" />
	 <LOCATION ORIG="105" NEW="105" />

	 <LOCATION ORIG="106" NEW="106" />
	 <LOCATION ORIG="107" NEW="107" />
	 <LOCATION ORIG="108" NEW="108" />
	 <LOCATION ORIG="113" NEW="113" />

</VERSION>

 <VERSION NUMBER="2" CHECKED="TRUE">
	 <LOCATION ORIG="95" NEW="91" />
	 <LOCATION ORIG="96" NEW="93" />
	 <LOCATION ORIG="97" NEW="95" />
	 <LOCATION ORIG="98" NEW="96" />
	 <LOCATION ORIG="99" NEW="103" />
	 <LOCATION ORIG="100" NEW="104" />

	 <LOCATION ORIG="101" NEW="105" />
	 <LOCATION ORIG="102" NEW="106" />
	 <LOCATION ORIG="104" NEW="110" />
	 <LOCATION ORIG="105" NEW="113" />

	 <LOCATION ORIG="106" NEW="114" />
	 <LOCATION ORIG="107" NEW="115" />
	 <LOCATION ORIG="108" NEW="116" />
	 <LOCATION ORIG="113" NEW="122" />
</VERSION>
</TEST>