<TEST NAME="TEST14" FILE="GC.java">

 <VERSION NUMBER="1" CHECKED="TRUE">
	 <LOCATION ORIG="2184" NEW="2184" />
	 <LOCATION ORIG="2186" NEW="2186" />
	 <LOCATION ORIG="2187" NEW="2187" />
	 <LOCATION ORIG="2188" NEW="2188" />
	 <LOCATION ORIG="2190" NEW="2190" />
	 <LOCATION ORIG="2191" NEW="2191" />
	 <LOCATION ORIG="2193" NEW="2193" />
	 <LOCATION ORIG="2194" NEW="2194" />
	 <LOCATION ORIG="2195" NEW="2195" />
	 <LOCATION ORIG="2196" NEW="2196" />
	 <LOCATION ORIG="2198" NEW="2198" />
	 <LOCATION ORIG="2199" NEW="2199" />
	 <LOCATION ORIG="2201" NEW="2201" />

</VERSION>

 <VERSION NUMBER="2" CHECKED="TRUE">	 
	 <LOCATION ORIG="2184" NEW="-1" />
	 <LOCATION ORIG="2186" NEW="2148" />
	 <LOCATION ORIG="2187" NEW="2149" />
	 <LOCATION ORIG="2188" NEW="-1" />
	 <LOCATION ORIG="2190" NEW="2153" />
	 <LOCATION ORIG="2191" NEW="2154" />
	 <LOCATION ORIG="2193" NEW="2156" />
	 <LOCATION ORIG="2194" NEW="2157" />
	 <LOCATION ORIG="2195" NEW="2158" />
	 <LOCATION ORIG="2196" NEW="2159" />
	 <LOCATION ORIG="2198" NEW="2161" />
	 <LOCATION ORIG="2199" NEW="2162" />
	 <LOCATION ORIG="2201" NEW="2163" />
</VERSION>
</TEST>