<TEST NAME="TEST15" FILE="GC2.java">

 <VERSION NUMBER="1" CHECKED="TRUE">
 
   <LOCATION ORIG="1739" NEW="1739" />
	 <LOCATION ORIG="1740" NEW="1740" />
	 <LOCATION ORIG="1741" NEW="1741" />
	
 
	 <LOCATION ORIG="1744" NEW="1744" />
	 <LOCATION ORIG="1745" NEW="1745" />
	 <LOCATION ORIG="1746" NEW="1746" />
	 <LOCATION ORIG="1747" NEW="1747" />
	 <LOCATION ORIG="1748" NEW="1748" />
	 <LOCATION ORIG="1749" NEW="1749" />
	 <LOCATION ORIG="1750" NEW="1750" />
	 <LOCATION ORIG="1751" NEW="1751" />

</VERSION>

 <VERSION NUMBER="2" CHECKED="TRUE">	 
 
   <LOCATION ORIG="1739" NEW="1749" />
	 <LOCATION ORIG="1740" NEW="1750" />
	 <LOCATION ORIG="1741" NEW="1751" />

	 <LOCATION ORIG="1744" NEW="1752" />
	 <LOCATION ORIG="1745" NEW="1756" />
	 <LOCATION ORIG="1746" NEW="1757" />
	 <LOCATION ORIG="1747" NEW="-1" />
	 <LOCATION ORIG="1748" NEW="1758" />
	 <LOCATION ORIG="1749" NEW="1759" />
	 <LOCATION ORIG="1750" NEW="1760" />
	 <LOCATION ORIG="1751" NEW="1761" />
</VERSION>
</TEST>