<TEST NAME="TEST22" FILE="JavaPerspectiveFactory.java">

 <VERSION NUMBER="1" CHECKED="TRUE">
 
   <LOCATION ORIG="40" NEW="40" />
   <LOCATION ORIG="41" NEW="41" />
   <LOCATION ORIG="44" NEW="44" />
   <LOCATION ORIG="47" NEW="47" />
   <LOCATION ORIG="48" NEW="48" />
   <LOCATION ORIG="51" NEW="51" />
   <LOCATION ORIG="52" NEW="52" />
   <LOCATION ORIG="53" NEW="53" />
   
   
</VERSION>

 <VERSION NUMBER="2" CHECKED="TRUE">	 

   <LOCATION ORIG="40" NEW="42" />
   <LOCATION ORIG="41" NEW="43" />
   <LOCATION ORIG="44" NEW="46" />
   <LOCATION ORIG="47" NEW="49" />
   <LOCATION ORIG="48" NEW="50" />
   <LOCATION ORIG="51" NEW="53" />
   <LOCATION ORIG="52" NEW="54" />
   <LOCATION ORIG="53" NEW="55" />

</VERSION>
</TEST>