<TEST NAME="TEST7" FILE="JavaCodeScanner.java">

 <VERSION NUMBER="1" CHECKED="TRUE">
	 <LOCATION ORIG="85" NEW="85" />
	 <LOCATION ORIG="88" NEW="88" />
	 <LOCATION ORIG="91" NEW="91" />
	
	 <LOCATION ORIG="92" NEW="92" />
	 <LOCATION ORIG="95" NEW="95" />

 
 
      <LOCATION ORIG="98" NEW="98" />
      <LOCATION ORIG="99" NEW="99" />
      <LOCATION ORIG="100" NEW="100" />

      <LOCATION ORIG="101" NEW="101" />
      <LOCATION ORIG="102" NEW="102" />
      <LOCATION ORIG="103" NEW="103" />
      
      <LOCATION ORIG="104" NEW="104" />
      <LOCATION ORIG="105" NEW="105" />
     

</VERSION>

 <VERSION NUMBER="2" CHECKED="TRUE">
	<LOCATION ORIG="85" NEW="83" />
	<LOCATION ORIG="88" NEW="-1" />
	<LOCATION ORIG="91" NEW="87" />
	
	<LOCATION ORIG="92" NEW="88" />
	<LOCATION ORIG="95" NEW="92" />
	
	
	<LOCATION ORIG="98" NEW="97" />
	<LOCATION ORIG="99" NEW="100" />
	<LOCATION ORIG="100" NEW="101" />
	
	<LOCATION ORIG="101" NEW="104" />
	<LOCATION ORIG="102" NEW="105" />
	<LOCATION ORIG="103" NEW="106" />
	
	<LOCATION ORIG="104" NEW="107" />
	<LOCATION ORIG="105" NEW="109" />
</VERSION>
</TEST>