<TEST NAME="TEST12" FILE="JavaModelManager.java">

 <VERSION NUMBER="1" CHECKED="TRUE">
	 <LOCATION ORIG="433" NEW="433" />
	 <LOCATION ORIG="434" NEW="434" />
	 <LOCATION ORIG="435" NEW="435" />
	 <LOCATION ORIG="436" NEW="436" />
	 <LOCATION ORIG="437" NEW="437" />
	 <LOCATION ORIG="438" NEW="438" />

</VERSION>

 <VERSION NUMBER="2" CHECKED="TRUE">
	 <LOCATION ORIG="433" NEW="433" />
	 <LOCATION ORIG="434" NEW="434" />
	 <LOCATION ORIG="435" NEW="435" />
	 <LOCATION ORIG="436" NEW="436" />
	 <LOCATION ORIG="437" NEW="437" />
	 <LOCATION ORIG="438" NEW="438" />
</VERSION>
</TEST>