<TEST NAME="TEST17" FILE="PluginSearchScope.java">

 <VERSION NUMBER="1" CHECKED="TRUE">
 
   <LOCATION ORIG="69" NEW="69" />
   <LOCATION ORIG="70" NEW="70" />
   <LOCATION ORIG="71" NEW="71" />
   <LOCATION ORIG="72" NEW="72" />
   <LOCATION ORIG="73" NEW="73" />
   <LOCATION ORIG="74" NEW="74" />
   <LOCATION ORIG="75" NEW="75" />
   <LOCATION ORIG="76" NEW="76" />
   
</VERSION>

 <VERSION NUMBER="2" CHECKED="TRUE">	 
 
 
   <LOCATION ORIG="69" NEW="63" />
   <LOCATION ORIG="70" NEW="-1" />
   <LOCATION ORIG="71" NEW="-1" />
   <LOCATION ORIG="72" NEW="-1" />
   <LOCATION ORIG="73" NEW="65" />
   <LOCATION ORIG="74" NEW="65" />
   <LOCATION ORIG="75" NEW="-1" />
   <LOCATION ORIG="76" NEW="66" />

</VERSION>
</TEST>