<TEST NAME="TEST10" FILE="RefreshLocal.java">

  <VERSION NUMBER="1" CHECKED="TRUE">
    <LOCATION ORIG="90" NEW="90" />
    <LOCATION ORIG="91" NEW="91" />
    <LOCATION ORIG="92" NEW="92" />
    <LOCATION ORIG="93" NEW="93" />
    <LOCATION ORIG="94" NEW="94" />
    <LOCATION ORIG="95" NEW="95" />
  </VERSION>


 <VERSION NUMBER="2" CHECKED="TRUE">
	 <LOCATION ORIG="90" NEW="62" />
	 <LOCATION ORIG="91" NEW="63" />
	 <LOCATION ORIG="92" NEW="64" >
	   <ALT NEW="65"/>
   </LOCATION>
	 <LOCATION ORIG="93" NEW="66" />
	 <LOCATION ORIG="94" NEW="67" >
		<ALT NEW="68"/>
	</LOCATION>
   <LOCATION ORIG="95" NEW="69" />
</VERSION>
</TEST>