<TEST NAME="TEST21" FILE="ResourceCompareInput.java">

 <VERSION NUMBER="1" CHECKED="TRUE">
 
   <LOCATION ORIG="77" NEW="77" />
   <LOCATION ORIG="78" NEW="78" />
   <LOCATION ORIG="79" NEW="79" />
   <LOCATION ORIG="81" NEW="81" />
   <LOCATION ORIG="82" NEW="82" />
   <LOCATION ORIG="83" NEW="83" />
   <LOCATION ORIG="85" NEW="85" />
   <LOCATION ORIG="86" NEW="86" />
   <LOCATION ORIG="87" NEW="87" />
   <LOCATION ORIG="88" NEW="88" />
   <LOCATION ORIG="89" NEW="89" />
   <LOCATION ORIG="90" NEW="90" />
   <LOCATION ORIG="91" NEW="91" />
   <LOCATION ORIG="92" NEW="92" />
   <LOCATION ORIG="93" NEW="93" />
   
   
</VERSION>

 <VERSION NUMBER="2" CHECKED="TRUE">	 

   <LOCATION ORIG="77" NEW="134" />
   <LOCATION ORIG="78" NEW="135" />
   <LOCATION ORIG="79" NEW="136" />
   <LOCATION ORIG="81" NEW="138" />
   <LOCATION ORIG="82" NEW="139" />
   <LOCATION ORIG="83" NEW="149" />
   <LOCATION ORIG="85" NEW="142" />
   <LOCATION ORIG="86" NEW="143" />
   <LOCATION ORIG="87" NEW="144" />
   <LOCATION ORIG="88" NEW="-1" />
   <LOCATION ORIG="89" NEW="-1" />
   <LOCATION ORIG="90" NEW="145" />
   <LOCATION ORIG="91" NEW="146" />
   <LOCATION ORIG="92" NEW="147" />
   <LOCATION ORIG="93" NEW="148" />

</VERSION>
</TEST>