<TEST NAME="TEST4" FILE="SaveManager.java">

 <VERSION NUMBER="1" CHECKED="TRUE">
      <LOCATION ORIG="213" NEW="213" />
      <LOCATION ORIG="214" NEW="214" />
      <LOCATION ORIG="215" NEW="215" />

      <LOCATION ORIG="216" NEW="216" />
      <LOCATION ORIG="217" NEW="217" />
      <LOCATION ORIG="217" NEW="218" />

      
</VERSION>

 <VERSION NUMBER="2" CHECKED="TRUE">
      <LOCATION ORIG="213" NEW="159" />
      <LOCATION ORIG="214" NEW="160" />
      <LOCATION ORIG="215" NEW="161" />

      <LOCATION ORIG="216" NEW="-1" />
      <LOCATION ORIG="217" NEW="-1" />
      <LOCATION ORIG="218" NEW="163" />
</VERSION>
</TEST>